{
  "O": {
    "color": 10203391,
    "temp": [
      30000,
      60000
    ],
    "mass": [
      16,
      90
    ],
    "radius": [
      6.6,
      10
    ],
    "freq": 0.00003
  },
  "B": {
    "color": 11190271,
    "temp": [
      10000,
      30000
    ],
    "mass": [
      2.1,
      16
    ],
    "radius": [
      1.8,
      6.6
    ],
    "freq": 0.0013
  },
  "BLACK_HOLE": {
    "color": 0,
    "temp": null,
    "mass": [
      3,
      100
    ],
    "radius": null,
    "freq": 0.00002
  },
  "SUPERMASSIVE_BLACK_HOLE": {
    "color": 0,
    "temp": null,
    "mass": [
      100000,
      10000000000
    ],
    "radius": null,
    "freq": 0.000001
  },
  "A": {
    "color": 13293567,
    "temp": [
      7500,
      10000
    ],
    "mass": [
      1.4,
      2.1
    ],
    "radius": [
      1.4,
      1.8
    ],
    "freq": 0.006
  },
  "F": {
    "color": 16316415,
    "temp": [
      6000,
      7500
    ],
    "mass": [
      1.04,
      1.4
    ],
    "radius": [
      1.15,
      1.4
    ],
    "freq": 0.03
  },
  "G": {
    "color": 16774378,
    "temp": [
      5200,
      6000
    ],
    "mass": [
      0.8,
      1.04
    ],
    "radius": [
      0.96,
      1.15
    ],
    "freq": 0.076
  },
  "K": {
    "color": 16765601,
    "temp": [
      3700,
      5200
    ],
    "mass": [
      0.45,
      0.8
    ],
    "radius": [
      0.7,
      0.96
    ],
    "freq": 0.121
  },
  "M": {
    "color": 16764015,
    "temp": [
      2400,
      3700
    ],
    "mass": [
      0.08,
      0.45
    ],
    "radius": [
      0.2,
      0.7
    ],
    "freq": 0.765
  }
}